#prog_id;prog_name;prog_desc;deg_id;sp_id
2;2D Animation and Games;The certificate in 2D Animation and Games prepares the student for entry-level positions in the fast-growing gaming and animation industry. The certificate develops within the sudent a dynamic, multidisciplinary skill set which fosters growth in both the visual arts and coding for games. The new media labs housed within the Multimedia Studies program are equipped with state-of-the-art computers, software, and monitors which allow the student to experience the tools that professional animators and game designers are using today.;2;737
3;Graphic Design;This program meets the lower division major preparation for a similar major at CSU, Chico. Visit website for details www.assist.org;3;737
4;Graphic Design for Print;In the Graphic Design program, students receive hands-on training in many areas of the visual communications field. Butte College offers a complete design and computer lab to aid in the development of job-related skills and techniques. Many of the instructors are working professionals who take time from their careers to teach. Their awareness of the demands of business and industry brings knowledge to the classroom of what is happening now in the field as well as future trends. The goal of the Butte College Graphic Design program is to prepare students for entry level positions. Students who successfully complete the program and plan to earn a four-year degree will have a solid foundation for application to the design school of their choice.The field of graphic design offers many opportunities and options for the creative individual who has worked hard to develop the necessary skills and techniques. Upon completion of the program the student will have a working familiarity with most aspects of these rapidly growing fields. The department highly recommends that the student entering the second year of the Graphic Design program have access outside of school to a computer with the Adobe Suite software.;4;737
5;Multimedia Studies;Multimedia Studies is a comprehensive program that recognizes the need to prepare the student for the world of work in today's high performance organization. This program delivers a dynamic, multidisciplinary, interactive, project-based curriculum designed to foster creativity, teamwork, and professionalism. While providing laboratory experiences for the development of skills in multimedia and related technical areas, the student will also develop competencies in workforce preparation, such as in portfolio development, communications, and high performance organization workplace skills. The Multimedia Studies Program New Media Lab is a state-of-the-art Macintosh-based multimedia lab equipped with industry standard computer and state-of-the-art multimedia applications. Students build a strong foundation of skills and knowledge graphic design, video, multimedia and animation, idea presentation, portfolio development, and an overview of the opportunities in Multimedia.All areas of the multimedia industry are experiencing unprecedented growth in order to meet the industry's needs. There is a constant demand for highly skilled, qualified, and knowledgeable workers, and the rapidly expanding growth of drone video and photography, and 3D printing technologies, is creating a need for workers with these skills.;4;737
6;Multimedia Studies;See AS Degree in Multimedia Studies.Gainful Employment InformationCertificate of Achievement in Multimedia Studies:www.butte.edu/curriculum/gainful-employment/0958200CA.html;6;737
7;3D Mechanical Applications;Error;2;716
8;Architectural Drafting and Modeling;Error;2;716
9;Drafting and CAD Technology;See AS Degree in Drafting and CAD TechnologyGainful Employment InformationCertificate of Achievement in Drafting and CAD Technology:www.butte.edu/curriculum/gainful-employment/0132400CA.html;6;716
10;Drafting and CAD Technology;The Drafting and CAD Technology program is designed to prepare students to meet the drafting requirements of industry. The diversity of the program allows students to pursue a career with a variety of companies that employ drafters. The program can be arranged to earn either a Certificate of Achievement or an AS degree.In CAD and solids modeling, students will discover real-world connections for their interests in math and science, and through hands-on activities improve their skills and become more confident. A year or more of high school drafting is very beneficial. Students need to be neat, methodical, and have an aptitude for spatial thinking. Students who are still enrolled in high school and who are considering a career as a drafter are encouraged to take courses in trigonometry, physical science, and computer science. Students who complete this program will be able to prepare drawings for individuals and companies in the architectural, civil engineering, construction, and manufacturing technology fields. Students will gain extensive experience using computer aided drafting (CAD) techniques. Students will also have experience reading construction drawings and interpreting specifications.;4;716
11;Account Clerk;See AS Degree in Accounting.;2;699
12;Accounting;Students planning an accounting career should be detail-oriented, be able to analyze and interpret facts and figures quickly and accurately, and make sound decisions. They must also be able to communicate the results. Patience, persistence, self-discipline, and concentration are essential. High school students considering an accounting career are encouraged to take English, mathematics, computer, accounting, and related business courses.The Accounting program is designed to enable students to: set up, complete, adjust, and summarize records of business activities according to accepted accounting principles and techniques, use accounting information to enhance business planning, decision making, problem solving, and management control, and apply both financial and managerial accounting principles and techniques.  Accounting employment opportunities are expected to increase faster than for many other occupations due to pressure on business and governmental agencies to improve their financial accountability. Demand for skilled accountants will rise as managers rely more on accounting information to make decisions. Knowledge of basic computer applications is essential.;4;699
13;Accounting;See AS Degree in Accounting.Gainful Employment InformationCertificate of Achievement in Accounting:www.butte.edu/curriculum/gainful-employment/0130800CA.html;6;699
14;Tax Preparer;The requirements for becoming a licensed tax preparer and the rules and regulations governing licensed tax preparers are reviewed. Students planning an accounting career should be detail-oriented, be able to analyze and interpret facts and figures quickly and accurately, and make sound decisions. They must also be able to communicate the results. Patience, persistence, self-discipline, and concentration are essential.Students who complete this certificate are eligible to assist tax professionals in an accounting office, a financial institution, an enrolled agent's office, the Internal Revenue Service, the California State Franchise Tax Board, or a state licensed tax preparer's office.;2;699
15;Acute Care Nurse Assistant;Error;2;740
16;Certified Nursing Assistant;The Certified Nursing Assistant/Home Health Aide program is designed to prepare students for state certification as a Nursing Assistant. Successful completion of the program makes students eligible to take the written and manual skills test for state certification. The rapidly growing need for skilled health personnel provides good employment opportunities for Certified Nursing Assistants and Home Health Aides. Positions are found in general and convalescent hospitals, physicans' offices, private homes, community health agencies and in industry.;2;740
17;Home Health Aide;Error;2;740
18;Licensed Vocational Nursing;See AS Degree in Licensed Vocational Nursing.Gainful Employment InformationCertificate of Achievement in Licensed Vocational Nursing:www.butte.edu/curriculum/gainful-employment/0134000CA.html;6;740
19;Licensed Vocational Nursing;The Licensed Vocational Nursing program is a state approved vocational program which provides the curriculum necessary for an individual to qualify for the state board examination for licensure as a vocational nurse. The curriculum includes prerequisite courses and the equivalent of three academic semesters of nursing theory and supervised clinical experiences. The primary role of the licensed vocational nurse is to provide bedside nursing in a variety of clinical settings. The student will study common medical-surgical conditions, their origin, prevention and treatment emphasizing the related nursing care. To help the student provide individualized nursing care, other courses provide basic psychology and sociology concepts relevant to the development, motivation and reactions of people healthy and ill.The rapidly growing need for skilled health personnel provides good employment opportunities for the Licensed Vocational Nurse. Positions are found in general and convalescent hospitals, physicians' offices, private homes, community health agencies and in industry.;4;740
20;Registered Nursing;The two-year traditional Registered Nursing Associate Degree program prepares the student for licensure as an RN at the Associate Degree Nursing (ADN) level. The four-semester program provides theory and clinical content required for registered nursing licensure. Upon completion of the degree, the student will be eligible for the national/state licensure examination for registered nursing.A registered nurse can seek employment in a variety of settings: acute care hospital, community/home health care, skilled and long term care, clinics, physician offices, and any number of private industries that interface with health care delivery. A national shortage of registered nurses is predicted for the next two decades.;4;740
21;Registered Nursing: LVN to ADN;See AS Degree in Registered Nursing: LVN to ADN.Gainful Employment InformationCertificate of Achievement in Registered Nursing: LVN to ADN:www.butte.edu/curriculum/gainful-employment/2000500CA.html;6;740
22;Registered Nursing: LVN to ADN;The AS in Registered Nursing: LVN to ADN program prepares LVNs for licensure as RNs at the Associate Degree level (ADN). Training as a vocational nurse and prerequisite courses count as the first year of a traditional  two-year Associate Degree registered nursing program. The two semesters of clinical nursing provide the additional nursing content required for a registered nursing licensure.Upon completion of the program the student will be eligible for the national/state licensure examination for registered nurses. A registered nurse can seek employment in a variety of settings: acute hospital care, community/home health care, skilled and long term care, clinics, physician's offices, as well as private industries that interface with health care delivery. A national shortage of registered nurses is predicted for the next two decades.;4;740
23;Administration of Justice;See AS Degree in Admininistration of JusticeGainful Employment InformationCertificate of Achievement in Administration of Justicehttp://www.butte.edu/departments/curriculum/gainful-employment/0726900CA.html;6;700
24;Administration of Justice;The Administration of Justice program, with an emphasis in law enforcement, provides students with the skills and knowledge to assist them in obtaining employment in a variety of areas, including law enforcement, corrections, probation, and fish and wildlife.  Those already working in law enforcement may take courses at Butte College to enhance their chances for promotional advancement.  Students need competency in reading and writing. High school students should take courses in speech, English composition and basic math. Students in this program will improve their ability to read, write, and analyze situations.  Students also will gain a basic understanding of California laws and case law. The AS degree should be considered a step towards a higher degree or specialized instruction. Students who complete the two-year AS degree will have the knowledge and skills to assist them in seeking employment in many different areas of law enforcement.There are many job opportunities available in federal, state, county and municipal law enforcement. Employment is also available in state and local correctional facilities and county probation offices. To compete successfully with other law enforcement applicants, individuals must be well trained and have a broad educational background. Most positions require at least an Associate's degree.;4;700
25;Administration of Justice;Students completing Associate Degrees for Transfer are guaranteed admission to the CSU system. Please see the beginning of the Academic Programs section for details.;25;700
26;Court Personnel/Pre-law;This program is designed around a core of law-related courses. From this basic core, a student can expand into a number of specialized areas such as pre-law, court personnel, paralegal, law enforcement, public administration, social welfare, and probation. Students entering the program should have a high level of reading and writing ability. It is recommended that students still in high school concentrate on English and business skills. The AS degree should be considered a step towards a higher degree or specialized instruction.There are many opportunities available including: positions in a private law firm, district attorney's office, court, social welfare agency, educational institution and all law enforcement-related offices.;4;700
27;Court Personnel/Pre-law;See AS Degree in Court Personnel/Pre-lawGainful Employment InformationCertificate of Achievement in Court Personnel/Pre-law:www.butte.edu/curriculum/gainful-employment/1113600CA.html;6;700
28;Criminal Justice;The Criminal Justice degree is designed for students who plan to earn a Bachelor's degree in Criminal Justice or related fields at CSU, Chico. This transfer major may also serve as the basis for students who are interested in pre-law. Visit website for details www.assist.org;4;700
29;Agricultural Business;This program meets the lower division major preparation for a similar major at CSU, Chico. Visit website for details www.assist.org;4;703
30;Agriculture Business;The Agriculture Business program provides the student with employable skills and provides a framework for further study if desired. Course work is practical and broad-based. Emphasis is placed on the development of skills in business management, marketing, finance, computers, human relations, and agricultural accounting. The computer labs, campus farm, and greenhouses provide an ideal setting for hands on learning. To gain practical experience on and off campus internships are available. Numerous area agriculture businesses provide opportunities for field trips, internships, and employment. Student clubs such as the Agriculture Ambassadors provide opportunities for leadership development and community service.A career in Agriculture Business is both financially rewarding and personally challenging. For job seekers, it is probably the most readily available entry-level position in the agriculture industry. Numerous specialized companies throughout northern California require qualified persons for marketing, sales, finance, policy, government, farm ranch management, and international trade and development. For job entry and advancement, however, certain basic skills remain fundamental. These include proficiency in computers, record keeping, finance, management and marketing. The following is a list of possible agriculture business career opportunities: Bookkeeper, Business Manager, Business Owner, Commodity Broker, Community Development, Consultant, Equipment Dealer, Farm and Ranch Manager, International Development Specialist, Insurance Agent, Land Appraiser, Livestock buyer, Loan Officer, Management Specialist, Produce Buyer, Public Relations, Retail Sales and Sales Representative.;4;703
31;Agriculture Business;The Certificate of Achievement in Agriculture Business prepares students for entry level employment within the industry.  Additionally, the certificate provides opportunities for skills enhancement for those with previous experience in agriculture business or those looking to supplement related degrees that benefit from a business focus. Upon completion of the Certificate of Achievement, students will have increased their knowledge of the agriculture industry while having gained experience with fundamental concepts of business management, economics and accounting and production practices as they relate to the agricultural industry.Gainful Employment InformationCertificate of Achievement in Agriculture Business:www.butte.edu/curriculum/gainful-employment/0129800CA.html;6;703
32;Agriculture Business;Students completing Associate Degrees for Transfer are guaranteed admission to the CSU system. Please see the beginning of the Academic Programs section for details.;25;703
33;Agriculture Plant Science;Students completing Associate Degrees for Transfer are guaranteed admission to the CSU system. Please see the beginning of the Academic Programs section for details.During the next five years, U.S. college graduates will find good employment opportunities if they have expertise in food, agriculture, renewable natural resources, or the environment. An average of 35,400 new U.S. graduates with expertise in food, agriculture, renewable natural resources, or the environment are expected to fill 61% of the expected 57,900 average annual openings. Fewer graduates typically mean higher salaries, which start in the mid-$40k to $50k annually.;25;724
34;Environmental Horticulture;See AS Degree in Environmental Horticulture.Gainful Employment InformationCertificate of Achievement in Environmental Horticulture:www.butte.edu/curriculum/gainful-employment/0725800CA.html;6;724
35;Environmental Horticulture;The courses in environmental horticulture are designed to enable students to prepare for exciting careers in the essential and diverse horticulture profession or earn continuing education units (CEUs) for professional licenses. Career options include nursery and greenhouse management, retail garden centers, supply and equipment sales, commercial fruit and nut production, irrigation and landscape design, installation and maintenance, plant protection, interior landscaping, and ag education.Students who complete this program can expect greater opportunities in salaries and enhances an individual's opportunity to advance into supervisory positions. A two- or four-year degree is a job requirement in some businesses and government agencies.;4;724
36;Landscape/Turfgrass Technician;This certificate prepares students for employment in the California horticulture and landscape contracting industries by providing practical, hands-on experience and preparation for employable technical skill training in the field of professional residential landscape design, development, and maintenance. This program is designed to give students basic skills in irrigation design, repair, installation, water management, and small equipment operation.Gainful Employment InformationCertificate of Achievement in Landscape/Turfgrass Technician:www.butte.edu/curriculum/gainful-employment/0130200CA.html;6;724
37;Nursery Technician;This Nursery Technician certificate provides students with the practical, hands-on experience they need to pursue employment in the areas of plant production, maintenance, or sales of ornamental and/or food crops in California. This program prepares students to advance to management positions in greenhouse and nursery businesses that propagate, grow and market plants for use in the home, business or the landscape. The program provides a solid foundation in plant knowledge and nursery and garden center environments, as well as computer applications and management skills.Gainful Employment InformationCertificate of Achievement in Nursery Technician:www.butte.edu/curriculum/gainful-employment/0725701CA.html;6;724
38;Plant Protection;This certificate prepares candidates for the California State Agricultural Pest Control Adviser (PCA) License examinations and Qualified Applicator License exams. It meets the minimum educational qualifications, and prepares students for exams in IPM principles, laws and regulations, pest identification, physical and biological sciences, crop health, pest management systems and methods, and production systems. Technical experience is highly encouraged through work experience placement.PCAs have a rewarding career and earn a competitive salary. They have several career avenues to choose from such as state agencies, corporations, sole proprietary companies, and academic professions. There has never been a better time to enter the crop protection industry.Gainful Employment InformationCertificate of Achievement in Plant Protection:www.butte.edu/curriculum/gainful-employment/3151200CA.html;6;724
39;Agriculture Science;The Agriculture Science program offers an AS degree for those students interested in a more general course of study. Students with a background in production agriculture, 4-H or FFA will find success in this program as they pursue a career with an emphasis in agriculture sciences, agriculture education, and agribusiness occupations. California ranks first in the nation in annual gross agricultural returns. The livestock industry and over 250 specialty crops provide a variety of career choices. Trained personnel are employed on ranches and farms, as well as the vast agriculture service industry. Career opportunities also exist with governmental agencies. Every year there are several openings in Agriculture Education in California as well as other states.;4;704
40;Agriculture and Natural Resources;This program meets the lower division major preparation for a similar major at CSU, Chico. Visit website for details www.assist.org;4;704
41;Anthropology;Students completing Associate Degrees for Transfer are guaranteed admission to the CSU system. Please see the beginning of the Academic Programs section for details. Anthropology is the study of humans worldwide, both in the past and present. The program is designed to introduce students to culture as the core concept for understanding human behavior. The four subfields of anthropology (physical, archaeological, linguistics and cultural) are used as a foundation to examine varied perspectives about the world. Anthropology students graduate with an awareness of cultural and biological diversity and the complexity of past and contemporary societies. The degree offers courses required in the CSU, Chico major core program, in addition to courses approved for CSU General Education.The program in anthropology is designed to prepare students for a variety of exciting careers, which may include education, research, medicine, business, non-profit and public service fields. As an example, anthropologists may be employed on international research teams, such as with Centers for Disease Control and Prevention scientists working to control Ebola outbreaks in West Africa. Anthropologists may also be employed as resident scientists at the Intel Corporation or as curation specialists in the US Army Corps of Engineers. Numerous anthropological skills, such as the ability to think critically and creatively about the world and the ability to apply research methods to solve problems, translate to various employment sectors. For more information on possible careers, please visit the American Anthropology Association's Careers in Anthropology webpage, http://www.americananthro.org/AdvanceYourCareer/Content.aspx?ItemNumber=1783;41;705
42;Art History;Students completing Associate Degrees for Transfer are guaranteed admission to the CSU system. Please see the beginning of the Academic Programs section for details.;41;706
43;Arts;This program meets the lower division major preparation for a similar major at CSU, Chico. Visit website for details www.assist.org;3;706
44;Ceramics;See AA Degree in CeramicsGainful Employment InformationCertificate of Achievement in Ceramicshttp://www.butte.edu/departments/curriculum/gainful-employment/1112800CA.html;6;706
45;Ceramics;The Ceramics program offers a solid foundation in the technical and aesthetic aspects of the medium. Students are taught the importance of minute details as well as overall excellence. Many specific skills are emphasized including handbuilding, wheel throwing, clay and glaze chemistry, mold making, kiln firings, and the specialized techniques of raku and primitive firings. Students have access to a fully equipped studio and have the opportunity to learn the operational requirements of the facility. Although ceramics as an art medium is emphasized, students also study the inter-relationship between industry, business and ceramics. The program offers a well rounded art education including the ability to install exhibitions. A working portfolio for employment purposes is developed. The Ceramics Department offers courses which satisfy lower division requirements in many of the CSUs.Many job opportunities exist for the individual proficient in ceramics. These include, but are not limited to: artist, art teacher or therapist, self-employed craft-person, mold maker, glaze technician, ceramic restorer, industrial ceramist, gallery or art shop manager, museum employee, interior design specialist, tile decorator, dental ceramist, and production designer. Students interested in pursuing a four-year degree are provided with a strong foundation for further coursework.;3;706
46;Studio Arts;Students completing Associate Degrees for Transfer are guaranteed admission to the CSU system. Please see the beginning of the Academic Programs section for details.;41;706
47;Automotive Technology;See AS Degree in Automotive Technology.Gainful Employment InformationCertificate of Achievement in Automotive Technology:www.butte.edu/curriculum/gainful-employment/0132300CA.html;6;707
48;Automotive Technology;The Butte College Automotive Technology program is an ASE/NATEF certified school and is designed to prepare students for employment as automotive technicians in both dealerships and independent garages. All automotive classes are offered at the Skyway Center in Chico. The Skyway Center is a modern facility and completely outfitted with the power and hand tools needed to hone the student's skills. The goal of the department is to train highly-skilled entry-level technicians with work habits that will make them successful. The Automotive Department has partnered with American Honda and Subaru. This allows for make specific training and certification via the PACT Program (Honda and Acura) and Subaru.Automotive career opportunities  are offered nation wide along with paid internships for Honda PACT students. Help with job placement is available for successful students. For Career information please refer to our website: www.butte.edu/departments/careertech/automotive;4;707
49;BASIC 32;Student will gain fundamental knowledge of the factors affecting wildland fire behavior, control prevention, and firefighter safety for entry-level employment with a federal agency wildland firefighting crew.;2;726
50;Fire Technology;See AS Degree in Fire Technology.Gainful Employment InformationCertificate of Achievement in Fire Technology:www.butte.edu/curriculum/gainful-employment/0136200CA.html;6;726
51;Fire Technology;The Fire Technology program is designed to give students the knowledge to pursue a career in fire science. Students will gain a broad working knowledge of building inspection and the many aspects of municipal and wildland firefighting. The AS should be considered a step toward a higher degree or specialized instruction. Students who complete the two-year A.S. degree will be able to seek employment in many different areas including careers in firefighting, building inspection and fire prevention.Students interested in a fire science career have two options: the 20-week Firefighter I Academy or the two-year AS degree program.;4;726
52;Firefighter I Academy;The Firefighter I Academy is a special admission academy that is offered twice each year (Fall and Spring) as a 20 week program, 8 hours daily. Accredited by the California State Fire Marshal (CSFM) and the State Board of Fire Services as an Accredited Regional Fire Academy, the Butte College Firefighter I Academy is considered to be one of the premier fire academies in the country. Our Academy graduates have secured fire service positions in agencies from coast to coast. The majority of fire agencies in California require both a CSFM Firefighter I certificate and an EMT-Basic certificate to qualify for a position as a firefighter. The Butte College Firefighter I Academy far exceeds these requirements. Physical conditioning is an important concern in the fire service. During the Academy, cadets receive more than 100 hours of combined physical fitness and agility course training by certified physical fitness instructors, Graduates will not only be in good physical condition, but will also be prepared for the difficult, varied and competitive fire service physical agility entry-level testing. For more detailed information or to apply to the Butte College Firefighter I Academy, please visit our website at: http://www.butte.edu/departments/careertech/publicsafety/fire_academy.html.The Firefighter I Academy prepares students for successful completion of the Firefighter I Certificate issued by the California Office of State Fire Marshal and to enter into the workforce as entry level firefighters.Students should be in good physical condition. Academy applicants are required to pass reading and writing tests. A basic understanding of chemistry and competence in mathematics is desirable. Students who are still enrolled in high school and considering a career in fire science are encouraged to take classes in reading, writing, mathematics and chemistry.Gainful Employment InformationCertificate of Achievement in Firefighter I Academy:http://www.butte.edu/departments/curriculum/gainful-employment/3284100CA.html;6;726
53;Incident Command-Finance;The Certificate in Incident Command-Finance will prepare the student foundationally to assume basic command of an incident and supervision of public safety personnel in general. Completion of the Finance classes will specifically prepare the student to handle any public safety incident purchasing and to assume roles in the Finance Section of an ICS organization as Cost Unit Leader, Compensation/Claims Unit Leader, Time Unit Leader and Procurement Unit Leader. Completion of this certificate will also help in preparing the student for advancement to Finance Section Chief in the ICS.;2;726
54;Incident Command-Logistics;The Certificate in Incident Command - Logistics will prepare the student foundationally to assume basic command of an incident and supervision of public safety personnel in general. Completion of the Logistics classes will specifically prepare the student to assume roles in the Logistics Section of an ICS organization as Facilities Unit Leader, Ground Support Unit Leader, Supply Unit Leader and Medical Unit Leader. Completion of this certificate will also help in preparing the student for advancement to Logistics Section Chief in the ICS.;2;726
55;Incident Command-Operations;The Certificate in Incident Command - Operations will prepare the student foundationally to assume basic command of an incident and to supervise public safety personnel in general. Completion of the Operations classes will specifically prepare the student to assume a high level of responsibility in assisting with incident management, to assume roles in the Operations Section of an ICS organization asTask Force/Strike Team Leader or Division/GroupSupervisor, and to perform advanced wildland fire behavior calculations for use in fire incident management. Completion of this certificate will also help in preparing the student for advancement to Operations Section Chief in the ICS.;2;726
56;Incident Command-Planning;The Certificate in Incident Command - Planning will prepare the student foundationally to assume basic command of an incident and to supervise public safety personnel in general. Completion of the Planning classes will specifically prepare the student to handle any public safety incident purchasing and to assume roles in the Planning Section of an ICS organization as Documentation Unit Leader, Field Observer/Display Processor, Situation Unit Leader and Demobilization/Resource Unit Leader. Completion of this certificate will also help in preparing the student for advancement to Planning Section Chief in the ICS.;2;726
57;Basic Computer Competency;This is typically a one-semester program. Upon completion, students will be able to apply their knowledge of basic computer operations, use input technology, and apply knowledge of file management and their operating system. They will be able to identify and describe current technologies used in today's businesses and apply these technologies to solve business problems, improve organizational productivity, and achieve the goals of business.  For eligibility, students are expected to demonstrate a minimum keyboarding skill of 25 words per minute.;2;710
58;Business Information Worker;This is the second tier of the Business Information Worker (BIW) career pathway.  Students completing this next level of certificate will take courses that are designed to build on their BIW solid foundation and allow students an opportunity to become proficient in the in-demand knowledge and skills sought out by employers.Career related fields include office and administrative support workers, administrative assistants, receptionists, office specialists,  customer service representatives, general office and information clerks, and file clerks. This certificate of achievement can be completed in one year.Gainful Employment InformationCertificate of Achievement in Business Information Worker:http://www.butte.edu/departments/curriculum/gainful-employment/0131302CA.html;6;710
59;Business Information Worker;This is the first tier of the Business Information Worker (BIW) career pathway. Students completing this beginning certificate will take courses that are designed to provide students with a solid foundation in business communicatio, business mat, professional development, keyboarding, Microsoft Windows, Word, Excel, Access, and Outlook, and additional business technology tools including collaboration tools.Career related fields include administrative assistants, office workers, office specialists, and customer service representatives. This certificate can be completed in one semester.;2;710
60;Business Information Worker;The Business Information Worker (BIW) program is a two-tiered, structured career pathway for students who are interested in entering the exciting and diverse career field of office and administrative support. Butte College's BIW pathway is aligned with a California statewide program that collaborated with businesses and advisory committees across the state to identify the most in-demand and desirable knowledge and skills required of today's business information workers. Additionally, this pathway clearly communicates to students what skills they need to be successful in today's businesses, as well as provides a branded BIW pathway for businesses to quickly recognize on resumes. Please visit the ICT-DM.NET./BIW site to obtain more information and locate support resources for this pathway.Students graduating from the BIW program, gain proficiency in business communication, professional development, records management, technology tools used to support businesses to achieve goals, such as Microsoft Office applications, collaboration tools, and desktop publishing applications. Career related fields for the BIW include office and administrative support workers, administrative assistants, receptionists, office specialists,  customer service representatives, general office and information clerks, and file clerks. Students interested in earning an AS degree in BIW will have successfully completed the BIW Certificate and the BIW Certificate of Achievement along with general education requirements and any electives required. Taken full-time, this program can be completed in two years.;4;710
61;Legal Office Administration;This is the first tier of the Legal Office Administration (LOA) career pathway. Students completing this beginning certificate will take courses that are designed to provide students with a solid foundation in beginning legal office procedures, business communications, professional development, keyboarding, Microsoft Windows, Word, Excel, Access, and Outlook, and additional business technology tools including collaboration tools.Career related fields for the LOA include Legal Administrative Assistant, Legal Assistant, Legal Staff Assistant, and Legal Office Assistant. This certificate can be completed in one semester.;2;710
62;Legal Office Administration;The Legal Office Administration (LOA) program is a two-tiered, structured career pathway for students who are interested in entering into the challenging and highly specialized field of legal office support. Employers in the law field are looking for support personnel who have knowledge in the area of legal office procedures, processes, and research, as well as general knowledge of office administration. The LOA program is designed to meet the demands of employers and the needs of an increasingly global and technologically advancing legal industry.As a career, the highly specialized legal field offers employment in areas such as criminal, family, probate, civil, real estate, environmental, corporate, public interest, and intellectual property law.  The legal office professional's job duties may include preparing legal forms such as complaints, motions, subpoenas, affidavits, and briefs, processing legal documents, assisting with legal research, filing court papers, preparing legal communications, utilizing various office technologies, auditing financial records, scheduling meetings and calendaring court dates, handling confidential information, and taking notes on proceedings. Students graduating from the LOA program gain proficiency in beginning and advanced legal office procedures, legal research, the legal environment of business, business communication, professional development, records management, and the technology tools used to support businesses to achieve goals, such as Microsoft Office applications, collaboration tools, and adobe acrobat. Throughout the program, students are exposed to a wide variety of hands-on practical applications with an emphasis on organizational, critical thinking and problem-solving skills.Career related fields for the LOA include Legal Administrative Assistant, Legal Assistant, Legal Staff Assistant, and Legal Office Assistant. Students interested in earning an AS degree in LOA will have successfully completed the LOA Certificate and the LOA Certificate of Achievement along with general education requirements and any electives required. Taken full-time, this program can be completed in two years.;4;710
63;Legal Office Administration;This is the second tier of the Legal Office Administration (LOA) career pathway.  Students completing this next level of certificate will take courses that are designed to build on their LOA solid foundation and allow students an opportunity to become proficient in the in-demand knowledge and skills sought out by employers. Career related fields for the LOA include Legal Administrative Assistant, Legal Assistant, Legal Staff Assistant, and Legal Office Assistant. This Certificate of Achievement can be completed in one year.Gainful Employment InformationCertificate of Achievement in Legal Office Administration:www.butte.edu/curriculum/gainful-employment/0131401CA.html;6;710
64;Medical Office Administration;This is the second tier of the Medical Office Administration (MOA) career pathway. Students completing this next level of certificate will take courses that are designed to build on their MOA solid foundation and allow students an opportunity to become proficient in the in-demand knowledge and skills sought out by the healthcare industry. Career related fields for the MOA include Medical Office Receptionist, Medical Office Assistant, Front Office Representative, Medical Records Administrative Assistant, Insurance Verification Specialist, and Medical Intake Specialist. This certificate of achievement can be completed in one year.Gainful Employment InformationCertificate of Achievement in Medical Office Administration:www.butte.edu/curriculum/gainful-employment/0131501CA.html;6;710
65;Medical Office Administration;The Medical Office Administration (MOA) program is a two-tiered, structured career pathway for students who are interested in providing office support in the exciting and demanding healthcare industry. The MOA career pathway is a blend of three major areas: the advancing field of health information management (HIM), the ever-emerging field of business technology, and the constantly in-demand communication and professional skills, and it is designed to prepare students with the knowledge and skills required of today's medical office support personnel. The types of healthcare delivery systems in the United States today vary depending on the services being offered. These systems include outpatient healthcare (a physician's office, a dentist's office, and many other types of healthcare providers' facilities) and inpatient healthcare (general medical and surgical hospitals). These systems can be complex in purpose and structure. However, all healthcare organizations demand a common set of knowledge and skills from their medical office support personnel, which includes a broad understanding of healthcare delivery systems, health information management systems and practices, proficient technology skills, and a high-level of professionalism.To meet these demands, the MOA career pathway includes courses in healthcare delivery systems, health information management systems, human systems, medical terminology, electronic health records, healthcare law and ethics, healthcare coding systems, healthcare reimbursement methodologies, electronic health records, Microsoft Office Applications (Word, Excel, PowerPoint, and Access), collaboration tools, business communication, and professional development. Career related fields for the MOA include Medical Office Receptionist, Medical Office Assistant, Front Office Representative, Medical Records Administrative Assistant, Insurance Verification Specialist, and Medical Intake Specialist. In the workplace, students can expect to perform medical office support duties including scheduling appointments, compiling and recording medical charts, reports, and correspondenc, and coding health record, and billing patients. Students interested in earning an AS degree in MOA will have successfully completed the MOA Certificate and the MOA Certificate of Achievement along with general education requirements and any electives required. Taken full time, this program can be completed in two years.;4;710
66;Medical Office Administration;This is the first tier of the Medical Office Administration (MOA) career pathway. Students completing this beginning certificate will have take courses that are designed to provide students with a solid foundation in business communications, business technology tools, keyboarding, medical terminology, human systems, and the health information management field.Career related fields includes Medical Office Receptionist, Medical Office Assistant, and Front Office Representative. This certificate can be completed in one semester.;2;710
67;Biological Science;This program meets the lower division major preparation for a similar major at CSU, Chico. Visit website for details www.assist.orgThis major also serves as a basis for pre-medicine, pre-dentistry and pre-veterinarian students.;4;708
68;Biology;Students completing Associate Degrees for Transfer are guaranteed admission to the CSU system. Please see the beginning of the Academic Programs section for details.The AS-T in Biology requires completion and certification of the Intersegmental General Education Transfer Curriculum (IGETC for STEM) as well as the specific AS-T major degree requirements. Students should work with a counselor to identify major coursework that can be used to fulfill IGETC for STEM categories.;25;708
69;Business Administration;This program meets the lower division major preparation for a similar major at CSU, Chico. Visit website for details www.assist.orgBusiness Administration is the over arching preparation for options in Management, Marketing, Finance, Human Resource Management, and Accounting. To be successful students need basic competence in reading, written and oral communication, and mathematics.  Students in this field should possess an interest in working with others, developing business strategies, and responding to today's competitive business environment.Students completing this degree are eligible for entry level work in business.  The program is designed to teach students practical skills to solve problems, organize tasks, work with and lead others, develop business strategies, make oral presentations, write reports such as business plans or case analyses.;4;709
70;Business Administration;Students completing Associate Degrees for Transfer are guaranteed admission to the CSU system. Please see the beginning of the Academic Programs section for details.Business Administration is the over arching preperation for options in Management, Marketing, Finance, Human Resource Management, and Accounting. To be successful students need basic competence in reading, written and oral communication, and mathematics.  Students in this field should possess an interest in working with others, developing business strategies, and responding to today's competitive business environment.Students completing this degree are eligible for entry level work in business.  The program is designed to teach students practical skills to solve problems, organize tasks, work with and lead others, develop business strategies, make oral presentations, write reports such as business plans or case analyses.;25;709
71;Business Management;See AS Degree in Business Management.Gainful Employment InformationCertificate of Achievement in Business Management:www.butte.edu/curriculum/gainful-employment/0131000CA.html;6;709
72;Business Management;The Business Management program is designed to provide students with a well-rounded education in business operations, management techniques, human relations, basic marketing principles, accounting, business law, economics and business computer applications. Students in this field should possess an interest in working with others, developing business strategies, and responding to today's competitive business environment.This program is designed to teach students to solve problems, develop management strategies, make oral presentations, and write reports such as business plans and case analyses. Management skills are useful in many job settings: retail, wholesale, manufacturing, social services, government, and education. These skills are also important for people who wish to improve their performance in existing jobs or develop their own businesses.;4;709
73;Business on the Web;Students are introduced to web marketing tools, strategies, application and measurement. It examines benefits and challenges associated with web marketing technologies including web site development, search engine optimization, online advertising, social media, email campaigns, blog marketing, digital public relations, multimedia and mobile marketing. Students will learn how to create a web marketing strategy and then apply web marketing technologies in a measurable way to achieve business objectives.The certificate is designed to provide students with an exposure to web marketing tools and strategies which would qualify the student to work as a web assistant to help manage a company's online presence.;2;709
74;Human Resources;Students explore important issues in human resources management including: changing government and legal requirements, downsizing, attention to and appreciation for diversity, global workforce development, the role of information systems, and changing cultural and economic factors.The certificate is designed to provide students with an exposure to management and human resource concepts which would qualify the student to work as a human resources assistant.  Human resource assistants help with recruiting, hiring, employee orientation, training, development, compensation, benefits, safety and wellness of employees.;2;709
75;Marketing;The Marketing program is designed to provide students with a well-rounded education in business operations, management techniques, human relations, accounting, and economics with an emphasis in marketing principles, sales, and advertising.  To be successful students need basic competence in reading, written and oral communication, and mathematics.  Students in this field should possess an interest in working with others, developing business strategies, and responding to today's competitive business environment.This program is designed to teach students to solve problems, develop marketing strategies, make oral presentations, and write reports such as marketing plans and sales proposals. Marketing skills are useful in many job settings: retail, wholesale, manufacturing, social services, government, and education. These skills also are important for people who wish to improve their performance in existing jobs or develop their own businesses.;4;709
76;Marketing;See AS Degree in Marketing.Gainful Employment InformationCertificate of Achievement in Marketing:www.butte.edu/curriculum/gainful-employment/0131100CA.html;6;709
77;Retail Management;The Retail Management program is designed to provide students with a well-rounded education in business operations, management techniques, human relations, basic marketing principles, accounting, business law, economics and business computer applications, with an emphasis in retailing.Students completing the program in Retail Management will increase their practical business skills relating to devising plans, organizing tasks, leading others, and controlling operations. Customer service positions, retail associate, sales associate, assistant store manager, retail manager are positions in this field.Gainful Employment InformationCertificate of Achievement in Retail Management:www.butte.edu/curriculum/gainful-employment/0131701CA.html;6;709
78;Small Business/Entrepreneurship;Error;4;709
79;Small Business Institute;Covers the practical considerations, challenges and rewards associated with starting and operating a small business. Explores how to identify small business opportunities, the factors influencing entrepreneurial success, financing, marketing, managing, record-keeping and computer applications to support small business operations.This program is designed to teach students to design, launch and run new businesses or startup organizations.  This requires students to solve problems, develop management strategies, make oral presentations, and write reports including business plans.;2;709
80;Chemistry;This program meets the lower division major preparation for a similar major at CSU, Chico. Visit website for details www.assist.org Chemistry is the study of the properties, composition, and transformations of all material substances.  It supports and draws from biology, earth science, engineering, mathematics, medicine and physics.  Because Chemistry can help you to understand these other fields and how things work in general, it can be a very fascinating and rewarding subject to study. The Chemistry AS degree is appropriate for students planning to transfer to a university to major in chemistry or other closely related fields.  A different set of courses is offered for students in other majors such as agriculture or allied health scienceincluding nursing, dental hygiene, physical therapy, or nutrition.Medical personnel, technicians, engineers, and scientists identify and solve problems by applying logic, scientific thinking, and knowledge of natural laws.  The study of chemistry is well suited to developing these skills, and many opportunities are available to those who have studied chemistry.  Chemistry majors are employed in many fields, including agronomy, biotechnology, energy production, environmental science, material science, medicine, patent law and teaching.  Note, however, that most careers associated with chemistry require a degree beyond the AS degree.;4;711
81;Child Development;This program meets the lower division major preparation for a similar major at CSU, Chico. Visit website for details www.assist.orgStudents who seek a career working with children, families and communities should enroll in this program of study, which emphasizes the integration of theory, research, and practice from multiple disciplines. It is a unique blend of family studies, community services, early and elementary education, parenting and child nutrition, with a focus on birth through adolescence.;4;712
82;Child and Adolescent Development;Students completing Associate Degrees for Transfer are guaranteed admission to the CSU system. Please see the beginning of the Academic Programs section for details.This program teaches students to embrace a practitioner-scholar model that inspires and supports the development of knowledge, skills and dispositions essential to fostering healthy growth and learning of children and families in a diverse society, including leadership and advocacy, for children up to age eighteen.;41;712
83;Child and Family Studies;Students who earn a certificate in Child and Family studies develop skills that are valued by employers. Certificate holders may begin careers as assistant health educators, early intervention/special education assistants, family service workers, family advocates, family support specialists, home visitors, parent educators/trainers, social services caseworkers, strengthening families trainers, youth workers and other services providers for community agencies that serve children, families, and communities.;2;712
84;Early Childhood Education;Students who earn this certificate will meet the requirements for the teacher level of the California Child Development Permit and become competent and effective lead teachers and caregivers of young children up to age five. Additional work experience and general education coursework is required to qualify for a state permit.Gainful Employment InformationCertificate of Achievement in Early Childhood Education:www.butte.edu/curriculum/gainful-employment/0134900CA.html;6;712
85;Early Childhood Education;The field of early care and education is a dynamic and growing area of study for students who seek to work with young children up to age eight.  Students who earn an AS degree in Early Childhood Education will play a pivotal role in the lives of children, families and their local community. All students who complete this degree will achieve competency in promoting child development and learning, building family and community relationships, implementing developmentally appropriate curricula while learning about child assessment systems, teaching in a diverse society, and becoming lifelong learners.Career opportunities in the early childhood education and child development fields are many and varied. Programs for infants, toddlers, preschoolers, and school-aged children and their parents continue to increase in number. Potential careers include: early childhood teacher/administrator, child care provider, playground program specialist, social worker, consultant, play therapist/activity specialist or teacher for hospitalized children, elementary school teacher, designer of children's products, legislative analyst/aide, and human services lobbyist. Opportunities are dependent upon the amount of education and experience acquired. State of California Community Care Licensing requires that all teachers working with young children have a minimum of 12 semester units of coursework in Early Childhood Education. Six of the 12 units must include three units in Child Growth and Development (CDF 14) and three units in Child, Family and Community (CDF 12).;4;712
86;Early Childhood Education;Students who earn this certificate will meet the requirements for Teacher level of the California Child Development Permit and become capable and competent teachers of children up to age five. This certificate also complies with Title XXII regulations for employment in community care-licensed programs. Certification requires the completion of a minimum of six units completed at Butte College and a grade of C or better in each course. The coursework for this certificate is also available in Spanish.;2;712
87;Early Childhood Education;Students completing Associate Degrees for Transfer are guaranteed admission to the CSU system. Please see the beginning of the Academic Programs section for details.This degree is intended for students who plan to complete a Bachelor's Degree in Child Development or Early Childhood Education at a California State University (CSU). Students who complete this degree will achieve competency in promoting child development and learning, building family and community relationships, implementing developmentally appropriate curricula while learning about child assessment systems, teaching in a diverse society, and becoming a lifelong learner.;25;712
88;Cisco Network Administration;Error;2;714
89;Computer Animation and Game Development;This program meets the lower division major preparation for a similar major at CSU, Chico. Visit website for details www.assist.orgStudents in Computer Animation and Game Development use art and technology to design and create multimedia environments that communicate, inform, and entertain. Computer Animation and Game Development provides a foundation for students who wish to pursue further studies in digital animation, video game design, 3-D modeling, texture  art, concept art, special effects art, graphic art, storyboard art, and game programming. The program prepares students for transfer to the Computer Animation  and Game Development  program at California State University, Chico and for similar majors at other four-year colleges and universities.;4;714
90;Computer Information Systems;The transfer major listed here partially reflects requirements for the Bachelor of Science in Computer Information Systems at CSU, Chico. Students planning to transfer should contact a counselor for more information on program and transfer requirements.Computer Information Systems (CIS) as a field focuses on practical applications of technology to support organizations. The program includes a range of subjects, including end-user Information Technology (IT) systems, IT systems analysis and design, software development, and mathematics. Potential careers for CIS graduates include IT consultant, programmer/analyst, application developer, Quality Assurance Specialist, IT support specialist, IT project manager, and many other roles in the IT industry.;4;714
91;Computer Programming;See AS Degree in Computer ProgrammingGainful Employment InformationCertificate of Achievement in Computer Programming:www.butte.edu/curriculum/gainful-employment/3124601CA.html;6;714
92;Computer Programming;The Computer Programming program prepares students for entry-level positions as computer programmers and web developers. The core curriculum covers the software development life-cycle, algorithms, fundamental data structures, database design, and the design, implementation, and testing of computer programs and dynamic websites.No prerequisite skills are required for students to enroll in the program.The program offers courses that prepare students for entry-level positions as computer programmers and web developers.;4;714
93;Computer Science;Students completing Associate Degrees for Transfer are guaranteed admission to the CSU system. Please see the beginning of the Academic Programs section for details.;25;714
94;Computer Science;This program meets the lower division major preparation for a similar major at CSU, Chico. Visit website for details www.assist.org;4;714
95;Computer Support Technician;Error;2;714
96;Computer System Administration;The Computer System Administration program prepares students for industry standard certification exams and entry-level positions as computer support technicians and computer system administrators. The core curriculum covers Microsoft server installation, configuration, troubleshooting, and maintenance. No prerequisite skills are required for students to enroll in the program.The program offers courses that prepare students for a variety of industry certification exams, including Microsoft MCSA, CompTIA A+, CompTIA Linux+, CompTIA Network+, and CompTIA Security+.;4;714
97;Computer System Administration;See AS Degree in Computer Systems AdministrationGainful Employment InformationCertificate of Achievement in Computer System Administration:www.butte.edu/curriculum/gainful-employment/3123601CA.html;6;714
98;Microsoft Server Administration;Error;2;714
99;Civil Engineering Technology;See AS Degree in Civil Engineering Technolpgy.Gainful Employment InformationCertificate of Achievement in Civil Engineering Technology:www.butte.edu/curriculum/gainful-employment/0132200CA.html;6;721
100;Civil Engineering Technology;The Civil Engineering Technology program is designed to prepare students to enter the world of Civil Engineering Technologists or Technicians. The program has sufficient breadth to include surveying, map drafting, and computer aided drafting (CAD). After completion of the two-year program, the student will be prepared to enter civil engineering technology at the entry level. To be successful in this program it is desirable that students have background in math through intermediate algebra, physics, and science. A year or more of high school drafting is a plus. Students should be prepared for a rigorous two-year training program. Students who are still enrolled in high school and considering a career as a civil engineering technologist or technician are encouraged to take classes in math, drafting and computer science.Students who complete this program will be able to serve on a field survey crew, work in an engineering office, and  prepare maps for recordation. Students will be able to prepare maps with both conventional drafting instruments and with the help of the computer (CAD). In every constituency there exists a need for trained engineering technicians and technologists. The information in this course of study is used daily in most public works departments in all counties and in all engineering offices in the state.;4;721
101;Engineering;This program meets the lower division major preparation for a similar major at CSU, Chico. Visit website for details www.assist.org;4;721
102;Clothing Construction;Error;2;725
103;Fashion Design;Error;2;725
104;Fashion Merchandising;Courses in Fashion Merchandising give students the opportunity to discover the inner workings of the fashion industry with many hands-on experiences. Fashion Merchandising emphasizes the business of buying, distributing and selling of merchandise from the manufacturing level through to the retailer and, ultimately, the consumer. A highly-specialized program in Fashion Merchandising enables students to acquire marketable skills in a minimum time. A two-year program leading to the Associate Degree is available.As long as fashion continues to change, lucrative careers will always be available for those who are prepared to expand their personal and professional horizons. The world of fashion merchandising is a challenging, fast-paced and highly competitive field with numerous opportunities for monetary and career advancement. Positions in the ever-expanding world of fashion are available in, but not limited to, these areas: Careers include Retail: Buyer, assistant buyer, department manager, fashion/bridal consultant, store manager, merchandise manager, salesperson, shop owner, sales representative, showroom associate, personal shopper, and management trainee. Promotion: Fashion stylist, fashion coordinator, public relations, fashion commentator, special events director, and model.  Media: Fashion reporter, copy writer, fashion illustrator, fashion writer, fashion editor, publicity manager, and fashion researcher.;4;725
105;Fashion Merchandising;See AS Degree in Fashion Merchandising.Gainful Employment InformationCertificate of Achievement in Fashion Merchandising:www.butte.edu/curriculum/gainful-employment/0134800CA.html;6;725
106;Communication Studies;Students completing Associate Degrees for Transfer are guaranteed admission to the CSU system. Please see the beginning of the Academic Programs section for details.;41;713
107;Communication Studies;This program meets the lower division major preparation for Communication Studies at CSU, Chico. Visit website for details www.assist.orgThis program offers vital communication skills that are in demand by virtually every company and most organizations. Students with a degree in Communication Studies are prepared to succeed in numerous professions, in fact, many studies cite effective communication as the number one skill in demand in today's workplace. Students majoring in Communication Studies explore communication theories and skills needed in our complex world. These include: oral and written communication, critical thinking, interpersonal communication, gender and communication, intercultural awareness and sensitivity, and effective group interaction, among others.;3;713
108;Cosmetology;Cosmetology is a 1,600 hour course of study designed to meet the State of California Cosmetology Act. Butte College offers 1,680 hours of study in a seven-module sequence of courses, with each module six weeks in duration.  By meeting required academic and attendance standards, each six-week module will result in 5 semester units of college credit. The 7 six-week modules can be completed in approximately eleven months. Successful completion will enable the student to meet the 1,600 hour state licensing requirement and will result in a total of 35 units of college credit. A Certificate of Achievement can be earned by completing the seven-module, 1,600-hour COS 100-106 program. No other General Education, competency, or district requirements need be completed for the certificate. We also offers training programs for manicuring and skin care (esthetician). In order to obtain a Cosmetologist License and practice Cosmetology in the State of California, students must be 17 years of age or older, have a high school diploma or GED, successfully complete the 1,600 course of study and pass the state examination (written and practical). Tests are administered through the Department of Consumer Affairs Bureau of Barbering and Cosmetology. To enroll in this program, potential students should contact the Butte College Cosmetology and Barbering School at (530) 895-2022.Job opportunities for licensed cosmetologists include working for chain and independent beauty salons and spas (large and small), salons and spas on luxury ships, department store salons and cosmetic departments, beauty supply stores, retail and wholesale selling, manufacturer's representatives, research and development, salon managers, owners and educators.;4;715
109;Cosmetology;See AS Degree in CosmetologyGainful Employment InformationCertificate of Achievement in Cosmetology:www.butte.edu/curriculum/gainful-employment/0137000CA.html;6;715
110;Cosmetology to Barbering Crossover;Students proficient in cosmetology are provided training in barbering and prepares the student for the California State Board Barber Examination.  Students are introduced to the theory and advanced techniques of preparing the client's hair for shaving, assessing the condition of the client's skin, performing shaving techniques, applying after-shave antiseptic following facial services, massaging the client's face, Rolland cream massages. Students will spend 30 hours in a classroom setting and 210 hours in laboratory activities.  Upon completing this course, students are expected to have a minimum of 1,800 hours of applied skill practice required by the State of California Board of Barbering and Cosmetology.Barbering services can only be performed by licensed California Barbers.  The demand for these services is increasing with wait lists or loss of business due to Salon's only providing Cosmetology services or limited by staff holding a California Barbering license. Individuals who want to meet the requirements for barber licensure must first satisfy the education or apprenticeship requirement set forth by California's department of barbering/cosmetology.  The EDD expects the number of California-based barbers to increase to even higher levels during the ten-year period ending in 2022 just to keep pace with growing demand. This growth level of 19.6% is 1.5 times higher than the national rate of increase. The average salary for barbers in California was $25,397 in 2014 according to the state's Employment Development Division (EDD). California's barbers earning in the 75th percentile (top 25% percent) made $28,725 on average, which is nearly 1.5 times more than their colleagues in the 25th percentile (bottom 25%), who earned $19,302 on average.;2;715
111;Esthetician;Error;2;715
112;Manicuring;Error;2;715
113;EMT - Paramedic;The Paramedic program is designed to prepare the student to become a licensed paramedic in the State of California. It meets all California requirements. The program is also accredited by the Committee on Accreditation for the EMS Professions (CoAEMSP). Licensure examinations may be taken upon completion of the two-semester program.Paramedics function as an integral part of the comprehensive Emergency Medical System (EMS).  By providing care at the scene of the incident and during transport to the hospital, the paramedic must possess a variety of skills ranging from system level knowledge of the human body to operational skills in applying various technologies used in assisting patients in emergency situations.  This two-year program will provide both an AS degree and the opportunity to take the national exam to receive a Paramedic license.Employment of Emergency Medical Technicians (EMTs) and Paramedics is projected to grow 24 percent from 2014 to 2024, much faster than the average for all occupations.  Emergencies, such as motor vehicle accidents, natural disasters and acts of violence, will continue to create demand for EMTs and Paramedics.  Demand for part-time, volunteer EMTs and Paramedics in rural areas and smaller metropolitan areas will also continue.Growth in the middle-aged and elderly population will lead to an increase in age-related health emergencies, such as heart attacks and strokes.  This increase, in turn, will create greater demand for EMT and Paramedic services.  An increase in the number of specialized medical facilities will require more EMTs and Paramedics to transfer patients with specific conditions to these facilities for treatment.Typical areas of employment include fire departments, private ambulance companies, hospitals, private industry and events, law enforcement. and life guards.;4;720
114;Emergency Medical Responder (EMR);The primary focus of the Emergency Medical Responder is to initiate immediate lifesaving care to critical patients who access the emergency medical system. This individual possesses the basic knowledge and skills necessary to provide lifesaving interventions while awaiting additional EMS response and to assist higher level personnel at the scene and during transport. Emergency Medical Responders function as part of a comprehensive EMS response. Emergency Medical Responders perform basic interventions with minimal equipment.This course will instruct students to the level of Emergency Medical Responder (EMR). This is the first step  in the recognized ladder of training in EMS. Subsequent training enhances the knowledge and skills first learned here.  The course also allows for the individual to go out and work as an EMR in such jobs as fire fighter, life guard, law enforcement officer or an in house  emergency response team member in private industry. The primary focus of the EMR is to initiate immediate lifesaving care to critical  patients who access the emergency medical  system. The course  covers  the basic knowledge and skills necessary to provide  lifesaving interventions while awaiting additional EMS response and to assist higher level personnel at the scene  and during transport. Emergency Medical Responders function  as part of a comprehensive EMS response, under  medical  oversight.;2;720
115;Emergency Medical Technician;See Certificate in Emergency Medical Responder (EMR);2;720
116;Emergency Medical Technician/Paramedic;See AS Degree in EMT-Paramedic. Gainful Employment InformationCertificate of Achievement in EMT-Paramedic:www.butte.edu/curriculum/gainful-employment/0134300CA.html;6;720
117;Ecological Restoration;The courses required for this certificate provide desired basic skills by the industry. Students who complete the requirements for this certificate will have the basic skills necessary for entry-level employment in the ecological restoration industry. Students taking these courses will have an enhanced ability in operating heavy equipment, management of recreational lands, surveying landscapes and utilizing GPS and GIS systems to create and read maps of work areas, and installation and maintenance of irrigation systems. Students may return and take the courses required for the certificate to stay current in their field or obtain promotions.;2;739
118;Natural Resources Management;The Natural Resources program is designed to meet the demand for trained personnel in a broad range of Natural Resource/Environmental Science fields in addition to numerous private organizations.  Intense pressures are being placed on the nation's environmental resources as the population increases. This creates an ever-growing demand for trained people to work in forestry, recreation, water, soil, wildlife and other natural resource/environmental management areas. Career opportunities exist with the U.S. Forest Service, Bureau of Land Management, Bureau of Reclamation, California Department of Fish and Wildlife, National Park Service, and U.S. Soil Service as well as numerous private management firms, environmental companies, and land developers, to list a few job possibilities. Employment in any of these areas will provide an opportunity for working in one of the nation's most interesting, diversified and rapidly expanding fields. The work is varied. However, certain basic skills are fundamental.;4;739
119;Parks and Recreation;The courses for the certificate provide basic skills for the entry level position in park and recreational land management. Students taking these courses will have an enhanced ability in tree and tree pest species identification, operating maintenance and construction equipment, utilizing GPS and GIS systems to create and read maps of work areas, and managing land for recreational purposes. Students may return and take the courses required for the certificate to stay current in their field or obtain promotions.;2;739
120;Wildlife Technician;The Wildlife Technician certificate is designed to meet the demand for trained personnel in the field of Wildlife and Fisheries Management for multiple agencies and private organizations. The courses for the certificate provide desired basic skills for the entry level position in wildlife area or refuge management. Students taking these courses will have an enhanced ability to identify wildlife and fish species, perform work on wildlife areas or habitat restoration sites, make decisions based on natural resource law, and utilize GPS and GIS systems to create and read maps of work areas. Students may return and take courses required for this certificate to stay current in their field or obtain promotions.;2;739
121;Economics;Students completing Associate Degrees for Transfer are guaranteed admission to the CSU system. Please see the beginning of the Academic Programs section for details.;41;718
122;Elementary Teacher Education;Students completing Associate Degrees for Transfer are guaranteed admission to the CSU system. Please see the beginning of the Academic Programs section for details.Students who seek to become teachers in primary, secondary, bilingual, or special education will find this to be an ideal educational program.  This pathway focuses on building the knowledge, skills, and dispositions that prepare professionals to work with children grades TK to twelve.  In this program, students will learn how to promote healthy development and learning in individually, culturally, and linguistically responsive ways, and will complete their first two years of a four-year degree.Employment of elementary school teachers is projected to grow above 6% due to the projected increases in student enrollment and the increase of teacher's retirements.  The median annual wage is around $54,550.;41;719
123;Liberal Studies;This program meets the lower division major preparation for a similar major at CSU, Chico. Visit website for details www.assist.org;3;719
124;Para Education;Students who earn this certificate in Para Education will develop skills that are valued by employers. Certificate holders may begin careers as Para Educator, Para Professional, Teacher Assistant, or Teacher Aid in the TK-12 schools.;2;719
125;English;Students completing Associate Degrees for Transfer are guaranteed admission to the CSU system. Please see the beginning of the Academic Programs section for details.With the completion of the AA-T in English, students will possess the foundational knowledge and skills that comprise the core content of the first two years of many four-year programs in English.;41;722
126;Language Arts;This program meets the lower division major preparation for a similar major at CSU, Chico. Visit website for details www.assist.org;3;722
127;Environmental Science;This program meets the lower division major preparation for a similar major at CSU, Chico. Visit website for details www.assist.orgThe major promotes an understanding of basic operational principles underlying the biosphere and ecosystem through a transdisciplinary approach to understanding interaction between the biological and physical world and human institutions. Students will understand essential biological and physical processes, analyze human/environment interactions, understand different cultural perspectives on the environment, build critical thinking skills as the basis for decision making and sound value judgements, gain specialized analytical skills in at least one area of environmental science, build teamwork, leadership, conflict resolution skills, and develop effective communication skills.;4;743
128;Physical Science;This program meets the lower division major preparation for a similar major at CSU, Chico. Visit website for details www.assist.org;4;743
129;Film, Television and Electronic Media;Students completing Associate Degrees for Transfer are guaranteed admission to the CSU system. Please see the beginning of the Academic Programs section for details.;25;747
130;Mass Media Studies;Completion of this certificate will introduce students to the study, writing and production of media content. Students choose the path most relevant to their career goals: the study of TV or film, and the production of audio or video.;2;747
131;Radio-TV-Film: Video Production;See AS degree in  Radio-TV-Film: Video Production.Gainful Employment InformationCertificate of Achievement in Radio-TV: Video Production:http://www.butte.edu/departments/curriculum/gainful-employment/0747100CA.html;6;747
132;Radio-TV-Film: Video Production;To develop the media skills needed for a career, students will have access to a professional video production studio, digital video editing systems, and an audio production facility. Butte students can develop excellent skills in as little as one year of training. Many RTVF courses at Butte College will provide a basis for various media majors at other colleges and universities.The world of electronic communication is exploding across the country from the smallest elementary classroom to international corporations and government agencies, creating careers in computers, satellite teleconferencing, the Internet, interactive video games, digital audio and video production. Media related industries continue to be one of the fastest growing segments of the job market. As computer and video technologies continue to expand there will be an ever-increasing demand for skilled workers at all levels of production and application.;4;747
133;Single Camera Video Production;Error;2;747
134;General Physical Education;This program meets the lower division major preparation for a similar major at CSU, Chico. Visit website for details www.assist.org;3;734
135;Kinesiology;Students completing Associate Degrees for Transfer are guaranteed admission to the CSU system. Please see the beginning of the Academic Programs section for details.With the completion of the AA-T in Kinesiology, students will possess foundational knowledge and skill that comprise the core content of the first two years of many four-year programs in Kinesiology.;41;734
136;Geographic Information Systems;The discipline of Geography studies the spatial relationships that make every place on earth unique.  This includes both the physical characteristics and cultural traditions, along with the economic and governmental structures that make each place distinct.   Geographic Information Systems (GIS) and geospatial technology are among the fastest growing fields according to the US Department of Labor. A certificate in GIS provides the student with the proficiency necessary to apply spatial thinking to analyze social and physical sciences information, helping to build better and more sustainable connections between humans and the environment. GIS careers can be standalone and are also found in nearly every field of discipline, from law enforcement to health care and from environmental sciences to business and marketing. Having a working knowledge of GIS, whether a single course or a certificate, will make your resume stand out from the competition. GIS coursework develops critical skills such as organizational and communicational competency, identification and solving of problems, analysis and interpretation, and a high level of computer expertise.   A GIS certificate provides a catalyst for a wide range of fields, including business and marketing, local and regional planning, environmental sciences, law enforcement, conservation, and all levels of government.  For further information, visit the US Bureau of Labor Statistics Occupational Outlook Handbook - Cartographers and Photogrammetrists at https://www.bls.gov/ooh/architecture-and-engineering/cartographers-and-photogrammetrists.htm or, the American Association of Geographers at http://www.aag.org/careers.;2;728
137;Geography;Students completing Associate Degrees for Transfer are guaranteed admission to the CSU system. Please see the beginning of the Academic Programs section for details.The discipline of Geography studies the spatial relationships that make every place on earth unique.  This includes both the physical characteristics and cultural traditions, along with the economic and governmental structures that make each place distinct.  Geographers synthesize these concepts by studying the relationship between humans and their environment, the effects the environment has on humans, and the effects humans have on the environment.  The Associate in Arts in Geography for Transfer Degree supplies students with foundational knowledge in Physical Geography and Cultural Geography, plus additional coursework within the discipline, including a certificate in Geographic Information Systems (GIS).;41;728
138;Geology;Students completing Associate Degrees for Transfer are guaranteed admission to the CSU system. Please see the beginning of the Academic Programs section for details.;25;729
139;Heavy Equipment Operator Technician;The Heavy Equipment Operator Technician program can be obtained in one-year. It is an exciting, hands-on approach is used to introduce students to a wide range of skills for classroom laboratory work to closely reflect field experiences. Construction equipment operation requires good hand-eye coordination and demands attention to details like timelines, precision driving, coordination of multiple operations, and following plan directions. Development of problem solving skills and safe and cooperative work habits is emphasized.Students who successfully complete the program requirements will have the operation, repair and diagnostic skills necessary to obtain entry-level employment. Each year, the demand for qualified operators and maintenance technicians increases. Our partners include Operating Engineers Local 3, CalTrans, CDF, local and statewide contractors, and agriculture companies. Most jobs are obtained with smaller contractors. Jobs are also available in production agriculture, land leveling, orchard removal, and with other agricultural employers.Gainful Employment InformationCertificate of Achievement in Heavy Equipment Operator Technician:www.butte.edu/curriculum/gainful-employment/0726000CA.html;6;702
140;Mechanized Agriculture;The Mechanized Agriculture program offers students an option to earn either a one-year Certificate of Achievement or an AS degree. An exciting, hands-on approach introduces students to a wide range of mechanical skills dealing with the operation, maintenance and repair of small to midsize gasoline, diesel and electrically-operated equipment. Problem solving, emphasizing safe and cooperative work habits, is encouraged. Success in this program will be enhanced by high school work in shop and basic skills classes. Wherever power equipment is operated, maintained or repaired, there exists a need for well-trained employees. Production agriculture and its equipment suppliers, the rental industry, landscape businesses, recreation and construction industries are just a few of the employment possibilities.;4;702
